{"cameraMode":{"drawMode":0,"name":"Shaded","section":"Shading Mode"},"sceneLighting":true,"audioPlay":false,"sceneViewState":{"showFog":true,"showMaterialUpdate":false,"showSkybox":true,"showFlares":true,"showImageEffects":true,"showParticleSystems":true},"in2DMode":false,"pivot":{"x":0.20582857728004456,"y":0.17707832157611848,"z":0.41857749223709109},"rotation":{"x":-0.11075014621019364,"y":0.8290035724639893,"z":-0.17696428298950196,"w":-0.518818736076355},"size":2.661552667617798,"orthographic":false}